#Channel_number,Time,Counts
1,0.016760828625235404,56.0
2,0.03352165725047081,43.0
3,0.05028248587570621,42.0
4,0.06704331450094161,60.0
5,0.08380414312617701,45.0
6,0.10056497175141242,58.0
7,0.11732580037664783,47.0
8,0.13408662900188323,49.0
9,0.15084745762711863,53.0
10,0.16760828625235402,42.0
11,0.18436911487758945,54.0
12,0.20112994350282484,49.0
13,0.21789077212806024,43.0
14,0.23465160075329566,45.0
15,0.25141242937853103,53.0
16,0.26817325800376646,49.0
17,0.2849340866290019,49.0
18,0.30169491525423725,40.0
19,0.3184557438794727,40.0
20,0.33521657250470804,43.0
21,0.35197740112994347,54.0
22,0.3687382297551789,42.0
23,0.38549905838041426,40.0
24,0.4022598870056497,43.0
25,0.4190207156308851,49.0
26,0.4357815442561205,39.0
27,0.4525423728813559,51.0
28,0.4693032015065913,38.0
29,0.4860640301318267,41.0
30,0.5028248587570621,42.0
31,0.5195856873822975,37.0
32,0.5363465160075329,46.0
33,0.5531073446327683,44.0
34,0.5698681732580038,60.0
35,0.5866290018832391,51.0
36,0.6033898305084745,41.0
37,0.6201506591337099,36.0
38,0.6369114877589453,43.0
39,0.6536723163841808,32.0
40,0.6704331450094161,47.0
41,0.6871939736346515,32.0
42,0.7039548022598869,44.0
43,0.7207156308851224,39.0
44,0.7374764595103578,39.0
45,0.7542372881355932,31.0
46,0.7709981167608285,33.0
47,0.787758945386064,39.0
48,0.8045197740112994,29.0
49,0.8212806026365348,39.0
50,0.8380414312617702,48.0
51,0.8548022598870055,44.0
52,0.871563088512241,46.0
53,0.8883239171374764,34.0
54,0.9050847457627118,35.0
55,0.9218455743879472,37.0
56,0.9386064030131827,39.0
57,0.955367231638418,46.0
58,0.9721280602636534,32.0
59,0.9888888888888888,43.0
60,1.0056497175141241,34.0
61,1.0224105461393596,37.0
62,1.039171374764595,54.0
63,1.0559322033898304,32.0
64,1.0726930320150658,31.0
65,1.0894538606403013,29.0
66,1.1062146892655367,32.0
67,1.122975517890772,32.0
68,1.1397363465160075,32.0
69,1.156497175141243,31.0
70,1.1732580037664782,35.0
71,1.1900188323917136,24.0
72,1.206779661016949,36.0
73,1.2235404896421844,38.0
74,1.2403013182674199,34.0
75,1.2570621468926553,37.0
76,1.2738229755178907,37.0
77,1.2905838041431261,26.0
78,1.3073446327683615,32.0
79,1.324105461393597,36.0
80,1.3408662900188322,28.0
81,1.3576271186440676,38.0
82,1.374387947269303,24.0
83,1.3911487758945384,38.0
84,1.4079096045197739,33.0
85,1.4246704331450093,31.0
86,1.4414312617702447,28.0
87,1.4581920903954801,28.0
88,1.4749529190207156,27.0
89,1.491713747645951,24.0
90,1.5084745762711864,27.0
91,1.5252354048964216,23.0
92,1.541996233521657,29.0
93,1.5587570621468925,28.0
94,1.575517890772128,27.0
95,1.5922787193973633,31.0
96,1.6090395480225987,28.0
97,1.6258003766478342,27.0
98,1.6425612052730696,25.0
99,1.659322033898305,37.0
100,1.6760828625235404,36.0
101,1.6928436911487759,28.0
102,1.709604519774011,29.0
103,1.7263653483992465,25.0
104,1.743126177024482,22.0
105,1.7598870056497173,27.0
106,1.7766478342749528,31.0
107,1.7934086629001882,17.0
108,1.8101694915254236,37.0
109,1.826930320150659,22.0
110,1.8436911487758945,21.0
111,1.8604519774011299,21.0
112,1.8772128060263653,23.0
113,1.8939736346516005,26.0
114,1.910734463276836,20.0
115,1.9274952919020714,25.0
116,1.9442561205273068,23.0
117,1.9610169491525422,24.0
118,1.9777777777777776,30.0
119,1.994538606403013,27.0
120,2.0112994350282483,23.0
121,2.028060263653484,28.0
122,2.044821092278719,21.0
123,2.0615819209039548,32.0
124,2.07834274952919,25.0
125,2.0951035781544256,22.0
126,2.111864406779661,21.0
127,2.1286252354048965,21.0
128,2.1453860640301317,22.0
129,2.162146892655367,23.0
130,2.1789077212806025,12.0
131,2.1956685499058377,27.0
132,2.2124293785310734,37.0
133,2.2291902071563086,28.0
134,2.245951035781544,30.0
135,2.2627118644067794,25.0
136,2.279472693032015,24.0
137,2.2962335216572503,25.0
138,2.312994350282486,25.0
139,2.329755178907721,19.0
140,2.3465160075329563,18.0
141,2.363276836158192,34.0
142,2.380037664783427,17.0
143,2.396798493408663,18.0
144,2.413559322033898,28.0
145,2.4303201506591336,19.0
146,2.447080979284369,17.0
147,2.4638418079096045,24.0
148,2.4806026365348397,16.0
149,2.4973634651600753,21.0
150,2.5141242937853105,22.0
151,2.5308851224105458,24.0
152,2.5476459510357814,20.0
153,2.5644067796610166,16.0
154,2.5811676082862522,24.0
155,2.5979284369114874,15.0
156,2.614689265536723,18.0
157,2.6314500941619583,15.0
158,2.648210922787194,13.0
159,2.664971751412429,19.0
160,2.6817325800376643,29.0
161,2.6984934086629,22.0
162,2.715254237288135,20.0
163,2.732015065913371,17.0
164,2.748775894538606,17.0
165,2.7655367231638417,17.0
166,2.782297551789077,18.0
167,2.7990583804143125,16.0
168,2.8158192090395477,18.0
169,2.8325800376647834,16.0
170,2.8493408662900186,18.0
171,2.866101694915254,15.0
172,2.8828625235404894,16.0
173,2.8996233521657246,15.0
174,2.9163841807909603,17.0
175,2.9331450094161955,22.0
176,2.949905838041431,22.0
177,2.9666666666666663,27.0
178,2.983427495291902,18.0
179,3.000188323917137,13.0
180,3.016949152542373,16.0
181,3.033709981167608,29.0
182,3.0504708097928432,18.0
183,3.067231638418079,21.0
184,3.083992467043314,22.0
185,3.1007532956685497,13.0
186,3.117514124293785,19.0
187,3.1342749529190206,16.0
188,3.151035781544256,14.0
189,3.1677966101694914,11.0
190,3.1845574387947266,19.0
191,3.2013182674199623,17.0
192,3.2180790960451975,20.0
193,3.2348399246704327,20.0
194,3.2516007532956683,21.0
195,3.2683615819209035,14.0
196,3.285122410546139,11.0
197,3.3018832391713744,14.0
198,3.31864406779661,12.0
199,3.3354048964218452,15.0
200,3.352165725047081,15.0
201,3.368926553672316,10.0
202,3.3856873822975517,21.0
203,3.402448210922787,13.0
204,3.419209039548022,17.0
205,3.435969868173258,20.0
206,3.452730696798493,25.0
207,3.4694915254237286,11.0
208,3.486252354048964,17.0
209,3.5030131826741995,11.0
210,3.5197740112994347,10.0
211,3.5365348399246703,10.0
212,3.5532956685499055,15.0
213,3.570056497175141,15.0
214,3.5868173258003764,17.0
215,3.6035781544256116,11.0
216,3.6203389830508472,12.0
217,3.6370998116760824,12.0
218,3.653860640301318,16.0
219,3.6706214689265533,20.0
220,3.687382297551789,18.0
221,3.704143126177024,14.0
222,3.7209039548022598,16.0
223,3.737664783427495,15.0
224,3.7544256120527306,10.0
225,3.771186440677966,12.0
226,3.787947269303201,17.0
227,3.8047080979284367,19.0
228,3.821468926553672,18.0
229,3.8382297551789075,12.0
230,3.8549905838041427,21.0
231,3.8717514124293784,10.0
232,3.8885122410546136,10.0
233,3.905273069679849,19.0
234,3.9220338983050844,19.0
235,3.9387947269303196,17.0
236,3.9555555555555553,15.0
237,3.9723163841807905,19.0
238,3.989077212806026,13.0
239,4.005838041431262,12.0
240,4.0225988700564965,13.0
241,4.039359698681732,15.0
242,4.056120527306968,10.0
243,4.0728813559322035,18.0
244,4.089642184557438,16.0
245,4.106403013182674,7.0
246,4.1231638418079095,20.0
247,4.139924670433144,15.0
248,4.15668549905838,6.0
249,4.173446327683616,15.0
250,4.190207156308851,12.0
251,4.206967984934086,21.0
252,4.223728813559322,6.0
253,4.240489642184557,4.0
254,4.257250470809793,20.0
255,4.274011299435028,6.0
256,4.290772128060263,11.0
257,4.307532956685499,8.0
258,4.324293785310734,12.0
259,4.341054613935969,12.0
260,4.357815442561205,9.0
261,4.374576271186441,12.0
262,4.391337099811675,15.0
263,4.408097928436911,9.0
264,4.424858757062147,10.0
265,4.441619585687382,15.0
266,4.458380414312617,9.0
267,4.475141242937853,13.0
268,4.491902071563088,11.0
269,4.508662900188323,13.0
270,4.525423728813559,8.0
271,4.5421845574387945,11.0
272,4.55894538606403,12.0
273,4.575706214689265,9.0
274,4.5924670433145005,9.0
275,4.609227871939736,11.0
276,4.625988700564972,11.0
277,4.642749529190207,4.0
278,4.659510357815442,11.0
279,4.676271186440678,7.0
280,4.693032015065913,8.0
281,4.709792843691148,17.0
282,4.726553672316384,8.0
283,4.7433145009416195,8.0
284,4.760075329566854,11.0
285,4.77683615819209,7.0
286,4.793596986817326,9.0
287,4.810357815442561,16.0
288,4.827118644067796,11.0
289,4.843879472693032,6.0
290,4.860640301318267,7.0
291,4.877401129943502,8.0
292,4.894161958568738,14.0
293,4.910922787193973,11.0
294,4.927683615819209,17.0
295,4.944444444444444,11.0
296,4.961205273069679,14.0
297,4.977966101694915,11.0
298,4.994726930320151,12.0
299,5.0114877589453855,9.0
300,5.028248587570621,11.0
301,5.045009416195857,9.0
302,5.0617702448210915,13.0
303,5.078531073446327,14.0
304,5.095291902071563,9.0
305,5.112052730696798,14.0
306,5.128813559322033,13.0
307,5.145574387947269,8.0
308,5.1623352165725045,9.0
309,5.17909604519774,11.0
310,5.195856873822975,12.0
311,5.2126177024482105,10.0
312,5.229378531073446,12.0
313,5.246139359698681,12.0
314,5.262900188323917,11.0
315,5.279661016949152,10.0
316,5.296421845574388,7.0
317,5.313182674199623,14.0
318,5.329943502824858,7.0
319,5.346704331450094,10.0
320,5.363465160075329,13.0
321,5.380225988700564,8.0
322,5.3969868173258,10.0
323,5.413747645951036,6.0
324,5.43050847457627,14.0
325,5.447269303201506,14.0
326,5.464030131826742,8.0
327,5.480790960451977,10.0
328,5.497551789077212,5.0
329,5.514312617702448,15.0
330,5.531073446327683,7.0
331,5.547834274952918,18.0
332,5.564595103578154,13.0
333,5.581355932203389,10.0
334,5.598116760828625,5.0
335,5.61487758945386,11.0
336,5.6316384180790955,17.0
337,5.648399246704331,13.0
338,5.665160075329567,7.0
339,5.6819209039548015,11.0
340,5.698681732580037,7.0
341,5.715442561205273,7.0
342,5.732203389830508,7.0
343,5.748964218455743,10.0
344,5.765725047080979,10.0
345,5.7824858757062145,6.0
346,5.799246704331449,14.0
347,5.816007532956685,13.0
348,5.832768361581921,7.0
349,5.849529190207156,14.0
350,5.866290018832391,9.0
351,5.883050847457627,3.0
352,5.899811676082862,7.0
353,5.916572504708097,5.0
354,5.933333333333333,10.0
355,5.950094161958568,11.0
356,5.966854990583804,17.0
357,5.983615819209039,9.0
358,6.000376647834274,7.0
359,6.01713747645951,7.0
360,6.033898305084746,4.0
361,6.05065913370998,9.0
362,6.067419962335216,5.0
363,6.084180790960452,13.0
364,6.1009416195856865,9.0
365,6.117702448210922,7.0
366,6.134463276836158,13.0
367,6.151224105461393,6.0
368,6.167984934086628,11.0
369,6.184745762711864,9.0
370,6.2015065913370995,11.0
371,6.218267419962335,11.0
372,6.23502824858757,7.0
373,6.2517890772128055,4.0
374,6.268549905838041,5.0
375,6.285310734463276,4.0
376,6.302071563088512,8.0
377,6.318832391713747,10.0
378,6.335593220338983,14.0
379,6.352354048964218,8.0
380,6.369114877589453,7.0
381,6.385875706214689,3.0
382,6.402636534839925,4.0
383,6.419397363465159,10.0
384,6.436158192090395,8.0
385,6.452919020715631,13.0
386,6.469679849340865,14.0
387,6.486440677966101,4.0
388,6.503201506591337,2.0
389,6.519962335216572,2.0
390,6.536723163841807,8.0
391,6.553483992467043,6.0
392,6.570244821092278,12.0
393,6.587005649717514,10.0
394,6.603766478342749,8.0
395,6.620527306967984,5.0
396,6.63728813559322,7.0
397,6.654048964218455,8.0
398,6.6708097928436905,6.0
399,6.687570621468926,6.0
400,6.704331450094162,8.0
401,6.7210922787193965,8.0
402,6.737853107344632,7.0
403,6.754613935969868,9.0
404,6.7713747645951035,6.0
405,6.788135593220338,3.0
406,6.804896421845574,9.0
407,6.8216572504708095,8.0
408,6.838418079096044,6.0
409,6.85517890772128,6.0
410,6.871939736346516,11.0
411,6.888700564971751,6.0
412,6.905461393596986,2.0
413,6.922222222222222,9.0
414,6.938983050847457,7.0
415,6.955743879472693,10.0
416,6.972504708097928,3.0
417,6.989265536723163,2.0
418,7.006026365348399,9.0
419,7.022787193973634,6.0
420,7.039548022598869,8.0
421,7.056308851224105,7.0
422,7.073069679849341,5.0
423,7.089830508474575,8.0
424,7.106591337099811,14.0
425,7.123352165725047,5.0
426,7.140112994350282,4.0
427,7.156873822975517,4.0
428,7.173634651600753,7.0
429,7.190395480225988,7.0
430,7.207156308851223,10.0
431,7.223917137476459,8.0
432,7.2406779661016945,10.0
433,7.25743879472693,13.0
434,7.274199623352165,12.0
435,7.2909604519774005,7.0
436,7.307721280602636,4.0
437,7.324482109227872,8.0
438,7.3412429378531066,10.0
439,7.358003766478342,10.0
440,7.374764595103578,7.0
441,7.391525423728813,7.0
442,7.408286252354048,8.0
443,7.425047080979284,6.0
444,7.4418079096045195,1.0
445,7.458568738229754,10.0
446,7.47532956685499,7.0
447,7.492090395480226,4.0
448,7.508851224105461,9.0
449,7.525612052730696,12.0
450,7.542372881355932,6.0
451,7.559133709981167,5.0
452,7.575894538606402,5.0
453,7.592655367231638,9.0
454,7.609416195856873,8.0
455,7.626177024482109,8.0
456,7.642937853107344,8.0
457,7.659698681732579,7.0
458,7.676459510357815,13.0
459,7.69322033898305,6.0
460,7.7099811676082854,5.0
461,7.726741996233521,2.0
462,7.743502824858757,4.0
463,7.7602636534839915,9.0
464,7.777024482109227,3.0
465,7.793785310734463,9.0
466,7.810546139359698,8.0
467,7.827306967984933,6.0
468,7.844067796610169,18.0
469,7.8608286252354045,8.0
470,7.877589453860639,9.0
471,7.894350282485875,4.0
472,7.9111111111111105,9.0
473,7.927871939736346,10.0
474,7.944632768361581,6.0
475,7.961393596986817,6.0
476,7.978154425612052,7.0
477,7.994915254237288,5.0
478,8.011676082862524,4.0
479,8.02843691148776,8.0
480,8.045197740112993,9.0
481,8.061958568738229,4.0
482,8.078719397363464,5.0
483,8.0954802259887,4.0
484,8.112241054613936,8.0
485,8.129001883239171,4.0
486,8.145762711864407,7.0
487,8.16252354048964,11.0
488,8.179284369114876,5.0
489,8.196045197740112,14.0
490,8.212806026365348,10.0
491,8.229566854990583,3.0
492,8.246327683615819,7.0
493,8.263088512241055,2.0
494,8.279849340866289,7.0
495,8.296610169491524,8.0
496,8.31337099811676,12.0
497,8.330131826741995,4.0
498,8.346892655367231,7.0
499,8.363653483992467,5.0
500,8.380414312617702,4.0
501,8.397175141242938,7.0
502,8.413935969868172,10.0
503,8.430696798493408,6.0
504,8.447457627118643,6.0
505,8.464218455743879,4.0
506,8.480979284369115,7.0
507,8.49774011299435,7.0
508,8.514500941619586,8.0
509,8.53126177024482,11.0
510,8.548022598870055,2.0
511,8.564783427495291,6.0
512,8.581544256120527,7.0
513,8.598305084745762,13.0
514,8.615065913370998,5.0
515,8.631826741996234,5.0
516,8.648587570621467,10.0
517,8.665348399246703,7.0
518,8.682109227871939,6.0
519,8.698870056497174,7.0
520,8.71563088512241,4.0
521,8.732391713747646,8.0
522,8.749152542372881,8.0
523,8.765913370998115,13.0
524,8.78267419962335,8.0
525,8.799435028248586,7.0
526,8.816195856873822,2.0
527,8.832956685499058,6.0
528,8.849717514124293,12.0
529,8.866478342749529,10.0
530,8.883239171374765,5.0
531,8.899999999999999,4.0
532,8.916760828625234,7.0
533,8.93352165725047,4.0
534,8.950282485875706,4.0
535,8.967043314500941,3.0
536,8.983804143126177,3.0
537,9.000564971751412,8.0
538,9.017325800376646,6.0
539,9.034086629001882,7.0
540,9.050847457627118,3.0
541,9.067608286252353,6.0
542,9.084369114877589,7.0
543,9.101129943502825,7.0
544,9.11789077212806,8.0
545,9.134651600753294,5.0
546,9.15141242937853,5.0
547,9.168173258003765,7.0
548,9.184934086629001,5.0
549,9.201694915254237,12.0
550,9.218455743879472,8.0
551,9.235216572504708,2.0
552,9.251977401129944,6.0
553,9.268738229755177,13.0
554,9.285499058380413,7.0
555,9.302259887005649,5.0
556,9.319020715630884,8.0
557,9.33578154425612,10.0
558,9.352542372881356,7.0
559,9.369303201506591,3.0
560,9.386064030131825,7.0
561,9.40282485875706,7.0
562,9.419585687382297,7.0
563,9.436346516007532,5.0
564,9.453107344632768,6.0
565,9.469868173258003,3.0
566,9.486629001883239,9.0
567,9.503389830508473,7.0
568,9.520150659133709,5.0
569,9.536911487758944,6.0
570,9.55367231638418,9.0
571,9.570433145009416,5.0
572,9.587193973634651,2.0
573,9.603954802259887,8.0
574,9.620715630885122,7.0
575,9.637476459510356,9.0
576,9.654237288135592,5.0
577,9.670998116760828,7.0
578,9.687758945386063,5.0
579,9.704519774011299,5.0
580,9.721280602636535,3.0
581,9.73804143126177,8.0
582,9.754802259887004,6.0
583,9.77156308851224,7.0
584,9.788323917137475,5.0
585,9.805084745762711,5.0
586,9.821845574387947,4.0
587,9.838606403013182,10.0
588,9.855367231638418,7.0
589,9.872128060263652,5.0
590,9.888888888888888,6.0
591,9.905649717514123,9.0
592,9.922410546139359,7.0
593,9.939171374764594,9.0
594,9.95593220338983,3.0
595,9.972693032015066,6.0
596,9.989453860640301,11.0
597,10.006214689265535,7.0
598,10.022975517890771,7.0
599,10.039736346516007,6.0
600,10.056497175141242,6.0
601,10.073258003766478,3.0
602,10.090018832391713,4.0
603,10.10677966101695,6.0
604,10.123540489642183,6.0
605,10.140301318267419,5.0
606,10.157062146892654,5.0
607,10.17382297551789,7.0
608,10.190583804143126,4.0
609,10.207344632768361,7.0
610,10.224105461393597,6.0
611,10.24086629001883,5.0
612,10.257627118644066,6.0
613,10.274387947269302,6.0
614,10.291148775894538,10.0
615,10.307909604519773,2.0
616,10.324670433145009,10.0
617,10.341431261770245,6.0
618,10.35819209039548,13.0
619,10.374952919020714,7.0
620,10.39171374764595,7.0
621,10.408474576271185,8.0
622,10.425235404896421,11.0
623,10.441996233521657,12.0
624,10.458757062146892,4.0
625,10.475517890772128,2.0
626,10.492278719397362,5.0
627,10.509039548022598,2.0
628,10.525800376647833,6.0
629,10.542561205273069,6.0
630,10.559322033898304,3.0
631,10.57608286252354,10.0
632,10.592843691148776,10.0
633,10.60960451977401,4.0
634,10.626365348399245,6.0
635,10.643126177024481,9.0
636,10.659887005649717,3.0
637,10.676647834274952,7.0
638,10.693408662900188,4.0
639,10.710169491525424,8.0
640,10.726930320150657,1.0
641,10.743691148775893,12.0
642,10.760451977401129,7.0
643,10.777212806026364,9.0
644,10.7939736346516,8.0
645,10.810734463276836,8.0
646,10.827495291902071,5.0
647,10.844256120527307,6.0
648,10.86101694915254,3.0
649,10.877777777777776,5.0
650,10.894538606403012,7.0
651,10.911299435028248,5.0
652,10.928060263653483,7.0
653,10.944821092278719,6.0
654,10.961581920903955,4.0
655,10.978342749529189,4.0
656,10.995103578154424,5.0
657,11.01186440677966,11.0
658,11.028625235404895,10.0
659,11.045386064030131,5.0
660,11.062146892655367,2.0
661,11.078907721280602,3.0
662,11.095668549905836,8.0
663,11.112429378531072,7.0
664,11.129190207156308,6.0
665,11.145951035781543,4.0
666,11.162711864406779,7.0
667,11.179472693032015,1.0
668,11.19623352165725,8.0
669,11.212994350282486,9.0
670,11.22975517890772,5.0
671,11.246516007532955,4.0
672,11.263276836158191,6.0
673,11.280037664783427,9.0
674,11.296798493408662,4.0
675,11.313559322033898,6.0
676,11.330320150659134,6.0
677,11.347080979284367,7.0
678,11.363841807909603,11.0
679,11.380602636534839,7.0
680,11.397363465160074,5.0
681,11.41412429378531,9.0
682,11.430885122410546,6.0
683,11.447645951035781,6.0
684,11.464406779661015,8.0
685,11.48116760828625,8.0
686,11.497928436911486,4.0
687,11.514689265536722,9.0
688,11.531450094161958,7.0
689,11.548210922787193,6.0
690,11.564971751412429,6.0
691,11.581732580037665,7.0
692,11.598493408662899,7.0
693,11.615254237288134,7.0
694,11.63201506591337,5.0
695,11.648775894538606,8.0
696,11.665536723163841,6.0
697,11.682297551789077,5.0
698,11.699058380414312,7.0
699,11.715819209039546,5.0
700,11.732580037664782,2.0
701,11.749340866290018,5.0
702,11.766101694915253,4.0
703,11.782862523540489,6.0
704,11.799623352165725,8.0
705,11.81638418079096,5.0
706,11.833145009416194,4.0
707,11.84990583804143,6.0
708,11.866666666666665,6.0
709,11.883427495291901,9.0
710,11.900188323917137,6.0
711,11.916949152542372,6.0
712,11.933709981167608,9.0
713,11.950470809792844,6.0
714,11.967231638418077,6.0
715,11.983992467043313,7.0
716,12.000753295668549,10.0
717,12.017514124293784,6.0
718,12.03427495291902,11.0
719,12.051035781544256,12.0
720,12.067796610169491,7.0
721,12.084557438794725,5.0
722,12.10131826741996,9.0
723,12.118079096045197,12.0
724,12.134839924670432,10.0
725,12.151600753295668,3.0
726,12.168361581920903,6.0
727,12.185122410546139,5.0
728,12.201883239171373,6.0
729,12.218644067796609,3.0
730,12.235404896421844,6.0
731,12.25216572504708,9.0
732,12.268926553672316,4.0
733,12.285687382297551,4.0
734,12.302448210922787,2.0
735,12.319209039548022,5.0
736,12.335969868173256,5.0
737,12.352730696798492,6.0
738,12.369491525423728,5.0
739,12.386252354048963,6.0
740,12.403013182674199,9.0
741,12.419774011299435,6.0
742,12.43653483992467,7.0
743,12.453295668549904,7.0
744,12.47005649717514,4.0
745,12.486817325800375,6.0
746,12.503578154425611,10.0
747,12.520338983050847,5.0
748,12.537099811676082,8.0
749,12.553860640301318,4.0
750,12.570621468926552,5.0
751,12.587382297551788,1.0
752,12.604143126177023,3.0
753,12.620903954802259,8.0
754,12.637664783427494,5.0
755,12.65442561205273,2.0
756,12.671186440677966,4.0
757,12.687947269303201,9.0
758,12.704708097928435,7.0
759,12.721468926553671,10.0
760,12.738229755178907,6.0
761,12.754990583804142,7.0
762,12.771751412429378,4.0
763,12.788512241054613,3.0
764,12.80527306967985,4.0
765,12.822033898305083,4.0
766,12.838794726930319,6.0
767,12.855555555555554,5.0
768,12.87231638418079,1.0
769,12.889077212806026,7.0
770,12.905838041431261,13.0
771,12.922598870056497,3.0
772,12.93935969868173,8.0
773,12.956120527306966,6.0
774,12.972881355932202,7.0
775,12.989642184557438,3.0
776,13.006403013182673,3.0
777,13.023163841807909,5.0
778,13.039924670433145,9.0
779,13.056685499058378,6.0
780,13.073446327683614,6.0
781,13.09020715630885,9.0
782,13.106967984934085,12.0
783,13.123728813559321,11.0
784,13.140489642184557,5.0
785,13.157250470809792,12.0
786,13.174011299435028,5.0
787,13.190772128060262,5.0
788,13.207532956685498,3.0
789,13.224293785310733,9.0
790,13.241054613935969,5.0
791,13.257815442561204,6.0
792,13.27457627118644,6.0
793,13.291337099811676,9.0
794,13.30809792843691,6.0
795,13.324858757062145,9.0
796,13.341619585687381,5.0
797,13.358380414312617,6.0
798,13.375141242937852,2.0
799,13.391902071563088,7.0
800,13.408662900188324,5.0
801,13.425423728813557,2.0
802,13.442184557438793,4.0
803,13.458945386064029,7.0
804,13.475706214689264,2.0
805,13.4924670433145,6.0
806,13.509227871939736,4.0
807,13.525988700564971,11.0
808,13.542749529190207,4.0
809,13.55951035781544,3.0
810,13.576271186440676,5.0
811,13.593032015065912,9.0
812,13.609792843691148,4.0
813,13.626553672316383,4.0
814,13.643314500941619,5.0
815,13.660075329566855,5.0
816,13.676836158192089,8.0
817,13.693596986817324,5.0
818,13.71035781544256,7.0
819,13.727118644067795,7.0
820,13.743879472693031,4.0
821,13.760640301318267,2.0
822,13.777401129943502,3.0
823,13.794161958568736,5.0
824,13.810922787193972,8.0
825,13.827683615819208,5.0
826,13.844444444444443,6.0
827,13.861205273069679,7.0
828,13.877966101694915,5.0
829,13.89472693032015,8.0
830,13.911487758945386,10.0
831,13.92824858757062,8.0
832,13.945009416195855,5.0
833,13.961770244821091,5.0
834,13.978531073446327,4.0
835,13.995291902071562,5.0
836,14.012052730696798,8.0
837,14.028813559322034,8.0
838,14.045574387947267,11.0
839,14.062335216572503,5.0
840,14.079096045197739,4.0
841,14.095856873822974,5.0
842,14.11261770244821,6.0
843,14.129378531073446,9.0
844,14.146139359698681,6.0
845,14.162900188323915,9.0
846,14.17966101694915,4.0
847,14.196421845574386,7.0
848,14.213182674199622,7.0
849,14.229943502824858,3.0
850,14.246704331450093,4.0
851,14.263465160075329,5.0
852,14.280225988700565,6.0
853,14.296986817325799,4.0
854,14.313747645951034,7.0
855,14.33050847457627,10.0
856,14.347269303201506,9.0
857,14.364030131826741,4.0
858,14.380790960451977,6.0
859,14.397551789077212,8.0
860,14.414312617702446,9.0
861,14.431073446327682,4.0
862,14.447834274952918,8.0
863,14.464595103578153,8.0
864,14.481355932203389,5.0
865,14.498116760828625,2.0
866,14.51487758945386,6.0
867,14.531638418079094,6.0
868,14.54839924670433,6.0
869,14.565160075329565,8.0
870,14.581920903954801,3.0
871,14.598681732580037,5.0
872,14.615442561205272,5.0
873,14.632203389830508,1.0
874,14.648964218455744,8.0
875,14.665725047080977,7.0
876,14.682485875706213,2.0
877,14.699246704331449,11.0
878,14.716007532956684,6.0
879,14.73276836158192,5.0
880,14.749529190207156,5.0
881,14.766290018832391,5.0
882,14.783050847457625,7.0
883,14.79981167608286,6.0
884,14.816572504708097,10.0
885,14.833333333333332,2.0
886,14.850094161958568,4.0
887,14.866854990583803,5.0
888,14.883615819209039,9.0
889,14.900376647834273,5.0
890,14.917137476459509,6.0
891,14.933898305084744,7.0
892,14.95065913370998,3.0
893,14.967419962335216,7.0
894,14.984180790960451,6.0
895,15.000941619585687,6.0
896,15.017702448210922,6.0
897,15.034463276836156,8.0
898,15.051224105461392,9.0
899,15.067984934086628,13.0
900,15.084745762711863,4.0
901,15.101506591337099,5.0
902,15.118267419962335,10.0
903,15.13502824858757,6.0
904,15.151789077212804,11.0
905,15.16854990583804,5.0
906,15.185310734463275,5.0
907,15.202071563088511,8.0
908,15.218832391713747,6.0
909,15.235593220338982,4.0
910,15.252354048964218,5.0
911,15.269114877589452,9.0
912,15.285875706214687,6.0
913,15.302636534839923,4.0
914,15.319397363465159,6.0
915,15.336158192090394,1.0
916,15.35291902071563,9.0
917,15.369679849340866,6.0
918,15.3864406779661,6.0
919,15.403201506591335,5.0
920,15.419962335216571,7.0
921,15.436723163841807,3.0
922,15.453483992467042,11.0
923,15.470244821092278,7.0
924,15.487005649717513,6.0
925,15.50376647834275,7.0
926,15.520527306967983,3.0
927,15.537288135593219,5.0
928,15.554048964218454,7.0
929,15.57080979284369,4.0
930,15.587570621468926,6.0
931,15.604331450094161,5.0
932,15.621092278719397,4.0
933,15.63785310734463,5.0
934,15.654613935969866,6.0
935,15.671374764595102,4.0
936,15.688135593220338,5.0
937,15.704896421845573,12.0
938,15.721657250470809,6.0
939,15.738418079096045,3.0
940,15.755178907721278,5.0
941,15.771939736346514,7.0
942,15.78870056497175,11.0
943,15.805461393596985,10.0
944,15.822222222222221,7.0
945,15.838983050847457,4.0
946,15.855743879472692,4.0
947,15.872504708097928,8.0
948,15.889265536723162,9.0
949,15.906026365348398,6.0
950,15.922787193973633,6.0
951,15.939548022598869,5.0
952,15.956308851224104,11.0
953,15.97306967984934,3.0
954,15.989830508474576,4.0
955,16.00659133709981,4.0
956,16.023352165725047,7.0
957,16.04011299435028,4.0
958,16.05687382297552,3.0
959,16.073634651600752,5.0
960,16.090395480225986,10.0
961,16.107156308851224,3.0
962,16.123917137476457,7.0
963,16.140677966101695,10.0
964,16.15743879472693,8.0
965,16.174199623352166,8.0
966,16.1909604519774,5.0
967,16.207721280602634,2.0
968,16.22448210922787,4.0
969,16.241242937853105,9.0
970,16.258003766478343,5.0
971,16.274764595103576,2.0
972,16.291525423728814,5.0
973,16.308286252354048,10.0
974,16.32504708097928,5.0
975,16.34180790960452,7.0
976,16.358568738229753,4.0
977,16.37532956685499,3.0
978,16.392090395480224,5.0
979,16.40885122410546,4.0
980,16.425612052730695,7.0
981,16.44237288135593,0.0
982,16.459133709981167,1.0
983,16.4758945386064,6.0
984,16.492655367231638,8.0
985,16.509416195856872,2.0
986,16.52617702448211,3.0
987,16.542937853107343,8.0
988,16.559698681732577,2.0
989,16.576459510357815,7.0
990,16.59322033898305,6.0
991,16.609981167608286,5.0
992,16.62674199623352,11.0
993,16.643502824858757,7.0
994,16.66026365348399,12.0
995,16.677024482109225,6.0
996,16.693785310734462,5.0
997,16.710546139359696,4.0
998,16.727306967984934,6.0
999,16.744067796610167,6.0
1000,16.760828625235405,5.0
1001,16.77758945386064,5.0
1002,16.794350282485876,5.0
1003,16.81111111111111,10.0
1004,16.827871939736344,6.0
1005,16.84463276836158,7.0
1006,16.861393596986815,7.0
1007,16.878154425612053,4.0
1008,16.894915254237286,3.0
1009,16.911676082862524,5.0
1010,16.928436911487758,4.0
1011,16.94519774011299,6.0
1012,16.96195856873823,9.0
1013,16.978719397363463,3.0
1014,16.9954802259887,8.0
1015,17.012241054613934,7.0
1016,17.02900188323917,6.0
1017,17.045762711864406,5.0
1018,17.06252354048964,6.0
1019,17.079284369114877,4.0
1020,17.09604519774011,5.0
1021,17.112806026365348,7.0
1022,17.129566854990582,5.0
1023,17.14632768361582,7.0
1024,17.163088512241053,10.0
1025,17.179849340866287,3.0
1026,17.196610169491525,12.0
1027,17.21337099811676,3.0
1028,17.230131826741996,5.0
1029,17.24689265536723,3.0
1030,17.263653483992467,7.0
1031,17.2804143126177,10.0
1032,17.297175141242935,1.0
1033,17.313935969868172,4.0
1034,17.330696798493406,5.0
1035,17.347457627118644,9.0
1036,17.364218455743877,3.0
1037,17.380979284369115,6.0
1038,17.39774011299435,5.0
1039,17.414500941619583,7.0
1040,17.43126177024482,5.0
1041,17.448022598870054,2.0
1042,17.46478342749529,10.0
1043,17.481544256120525,4.0
1044,17.498305084745763,5.0
1045,17.515065913370996,4.0
1046,17.53182674199623,4.0
1047,17.548587570621468,11.0
1048,17.5653483992467,9.0
1049,17.58210922787194,3.0
1050,17.598870056497173,4.0
1051,17.61563088512241,2.0
1052,17.632391713747644,5.0
1053,17.64915254237288,4.0
1054,17.665913370998116,8.0
1055,17.68267419962335,5.0
1056,17.699435028248587,6.0
1057,17.71619585687382,6.0
1058,17.732956685499058,3.0
1059,17.749717514124292,4.0
1060,17.76647834274953,4.0
1061,17.783239171374763,9.0
1062,17.799999999999997,4.0
1063,17.816760828625235,5.0
1064,17.83352165725047,3.0
1065,17.850282485875706,4.0
1066,17.86704331450094,2.0
1067,17.883804143126177,8.0
1068,17.90056497175141,5.0
1069,17.917325800376645,5.0
1070,17.934086629001882,4.0
1071,17.950847457627116,3.0
1072,17.967608286252354,3.0
1073,17.984369114877587,10.0
1074,18.001129943502825,2.0
1075,18.01789077212806,11.0
1076,18.034651600753293,9.0
1077,18.05141242937853,7.0
1078,18.068173258003764,3.0
1079,18.084934086629,6.0
1080,18.101694915254235,7.0
1081,18.118455743879473,2.0
1082,18.135216572504707,5.0
1083,18.15197740112994,6.0
1084,18.168738229755178,6.0
1085,18.18549905838041,11.0
1086,18.20225988700565,5.0
1087,18.219020715630883,4.0
1088,18.23578154425612,5.0
1089,18.252542372881354,4.0
1090,18.269303201506588,2.0
1091,18.286064030131826,11.0
1092,18.30282485875706,5.0
1093,18.319585687382297,8.0
1094,18.33634651600753,6.0
1095,18.353107344632768,7.0
1096,18.369868173258002,9.0
1097,18.38662900188324,7.0
1098,18.403389830508473,5.0
1099,18.420150659133707,4.0
1100,18.436911487758945,5.0
1101,18.45367231638418,7.0
1102,18.470433145009416,5.0
1103,18.48719397363465,6.0
1104,18.503954802259887,7.0
1105,18.52071563088512,6.0
1106,18.537476459510355,8.0
1107,18.554237288135592,4.0
1108,18.570998116760826,5.0
1109,18.587758945386064,8.0
1110,18.604519774011298,5.0
1111,18.621280602636535,6.0
1112,18.63804143126177,7.0
1113,18.654802259887003,3.0
1114,18.67156308851224,4.0
1115,18.688323917137474,5.0
1116,18.70508474576271,5.0
1117,18.721845574387945,9.0
1118,18.738606403013183,5.0
1119,18.755367231638417,5.0
1120,18.77212806026365,6.0
1121,18.788888888888888,6.0
1122,18.80564971751412,7.0
1123,18.82241054613936,3.0
1124,18.839171374764593,1.0
1125,18.85593220338983,5.0
1126,18.872693032015064,7.0
1127,18.889453860640298,6.0
1128,18.906214689265536,7.0
1129,18.92297551789077,7.0
1130,18.939736346516007,8.0
1131,18.95649717514124,8.0
1132,18.973258003766478,9.0
1133,18.990018832391712,4.0
1134,19.006779661016946,4.0
1135,19.023540489642183,2.0
1136,19.040301318267417,5.0
1137,19.057062146892655,5.0
1138,19.07382297551789,6.0
1139,19.090583804143126,8.0
1140,19.10734463276836,3.0
1141,19.124105461393597,8.0
1142,19.14086629001883,10.0
1143,19.157627118644065,8.0
1144,19.174387947269302,4.0
1145,19.191148775894536,11.0
1146,19.207909604519774,12.0
1147,19.224670433145008,13.0
1148,19.241431261770245,8.0
1149,19.25819209039548,8.0
1150,19.274952919020713,4.0
1151,19.29171374764595,7.0
1152,19.308474576271184,5.0
1153,19.32523540489642,5.0
1154,19.341996233521655,7.0
1155,19.358757062146893,5.0
1156,19.375517890772127,3.0
1157,19.39227871939736,4.0
1158,19.409039548022598,1.0
1159,19.42580037664783,5.0
1160,19.44256120527307,4.0
1161,19.459322033898303,4.0
1162,19.47608286252354,12.0
1163,19.492843691148774,4.0
1164,19.50960451977401,6.0
1165,19.526365348399246,7.0
1166,19.54312617702448,4.0
1167,19.559887005649717,4.0
1168,19.57664783427495,6.0
1169,19.59340866290019,9.0
1170,19.610169491525422,3.0
1171,19.626930320150656,10.0
1172,19.643691148775893,4.0
1173,19.660451977401127,3.0
1174,19.677212806026365,3.0
1175,19.6939736346516,6.0
1176,19.710734463276836,4.0
1177,19.72749529190207,4.0
1178,19.744256120527304,9.0
1179,19.76101694915254,6.0
1180,19.777777777777775,9.0
1181,19.794538606403012,8.0
1182,19.811299435028246,10.0
1183,19.828060263653484,5.0
1184,19.844821092278718,3.0
1185,19.86158192090395,5.0
1186,19.87834274952919,10.0
1187,19.895103578154423,8.0
1188,19.91186440677966,10.0
1189,19.928625235404894,3.0
1190,19.94538606403013,5.0
1191,19.962146892655365,3.0
1192,19.978907721280603,5.0
1193,19.995668549905837,6.0
1194,20.01242937853107,10.0
1195,20.029190207156308,6.0
1196,20.045951035781542,9.0
1197,20.06271186440678,11.0
1198,20.079472693032013,3.0
1199,20.09623352165725,15.0
1200,20.112994350282484,5.0
1201,20.12975517890772,7.0
1202,20.146516007532956,3.0
1203,20.16327683615819,9.0
1204,20.180037664783427,3.0
1205,20.19679849340866,9.0
1206,20.2135593220339,9.0
1207,20.230320150659132,6.0
1208,20.247080979284366,3.0
1209,20.263841807909603,7.0
1210,20.280602636534837,1.0
1211,20.297363465160075,5.0
1212,20.31412429378531,4.0
1213,20.330885122410546,4.0
1214,20.34764595103578,5.0
1215,20.364406779661014,10.0
1216,20.38116760828625,3.0
1217,20.397928436911485,9.0
1218,20.414689265536722,4.0
1219,20.431450094161956,3.0
1220,20.448210922787194,8.0
1221,20.464971751412428,2.0
1222,20.48173258003766,6.0
1223,20.4984934086629,5.0
1224,20.515254237288133,2.0
1225,20.53201506591337,4.0
1226,20.548775894538604,6.0
1227,20.56553672316384,11.0
1228,20.582297551789075,6.0
1229,20.59905838041431,6.0
1230,20.615819209039547,9.0
1231,20.63258003766478,10.0
1232,20.649340866290018,5.0
1233,20.666101694915252,8.0
1234,20.68286252354049,2.0
1235,20.699623352165723,6.0
1236,20.71638418079096,5.0
1237,20.733145009416194,4.0
1238,20.74990583804143,5.0
1239,20.766666666666666,13.0
1240,20.7834274952919,8.0
1241,20.800188323917137,13.0
1242,20.81694915254237,0.0
1243,20.83370998116761,6.0
1244,20.850470809792842,4.0
1245,20.867231638418076,3.0
1246,20.883992467043313,5.0
1247,20.900753295668547,3.0
1248,20.917514124293785,4.0
1249,20.93427495291902,5.0
1250,20.951035781544256,12.0
1251,20.96779661016949,4.0
1252,20.984557438794724,7.0
1253,21.00131826741996,6.0
1254,21.018079096045195,5.0
1255,21.034839924670433,7.0
1256,21.051600753295666,5.0
1257,21.068361581920904,9.0
1258,21.085122410546138,7.0
1259,21.10188323917137,4.0
1260,21.11864406779661,3.0
1261,21.135404896421843,5.0
1262,21.15216572504708,7.0
1263,21.168926553672314,10.0
1264,21.18568738229755,2.0
1265,21.202448210922785,8.0
1266,21.21920903954802,7.0
1267,21.235969868173257,6.0
1268,21.25273069679849,5.0
1269,21.269491525423728,3.0
1270,21.286252354048962,4.0
1271,21.3030131826742,6.0
1272,21.319774011299433,11.0
1273,21.336534839924667,6.0
1274,21.353295668549904,9.0
1275,21.37005649717514,9.0
1276,21.386817325800376,9.0
1277,21.40357815442561,8.0
1278,21.420338983050847,4.0
1279,21.43709981167608,5.0
1280,21.453860640301315,4.0
1281,21.470621468926552,4.0
1282,21.487382297551786,3.0
1283,21.504143126177024,6.0
1284,21.520903954802257,1.0
1285,21.537664783427495,8.0
1286,21.55442561205273,7.0
1287,21.571186440677966,10.0
1288,21.5879472693032,3.0
1289,21.604708097928434,6.0
1290,21.62146892655367,3.0
1291,21.638229755178905,6.0
1292,21.654990583804143,5.0
1293,21.671751412429376,4.0
1294,21.688512241054614,3.0
1295,21.705273069679848,5.0
1296,21.72203389830508,8.0
1297,21.73879472693032,7.0
1298,21.755555555555553,2.0
1299,21.77231638418079,7.0
1300,21.789077212806024,6.0
1301,21.80583804143126,10.0
1302,21.822598870056495,3.0
1303,21.83935969868173,7.0
1304,21.856120527306967,6.0
1305,21.8728813559322,6.0
1306,21.889642184557438,9.0
1307,21.906403013182672,4.0
1308,21.92316384180791,3.0
1309,21.939924670433143,4.0
1310,21.956685499058377,5.0
1311,21.973446327683614,6.0
1312,21.99020715630885,6.0
1313,22.006967984934086,5.0
1314,22.02372881355932,5.0
1315,22.040489642184557,4.0
1316,22.05725047080979,11.0
1317,22.074011299435025,5.0
1318,22.090772128060262,1.0
1319,22.107532956685496,5.0
1320,22.124293785310734,5.0
1321,22.141054613935967,4.0
1322,22.157815442561205,8.0
1323,22.17457627118644,5.0
1324,22.191337099811673,6.0
1325,22.20809792843691,4.0
1326,22.224858757062144,10.0
1327,22.24161958568738,1.0
1328,22.258380414312615,6.0
1329,22.275141242937853,5.0
1330,22.291902071563086,5.0
1331,22.308662900188324,7.0
1332,22.325423728813558,6.0
1333,22.34218455743879,6.0
1334,22.35894538606403,7.0
1335,22.375706214689263,3.0
1336,22.3924670433145,6.0
1337,22.409227871939734,3.0
1338,22.42598870056497,8.0
1339,22.442749529190205,6.0
1340,22.45951035781544,3.0
1341,22.476271186440677,9.0
1342,22.49303201506591,4.0
1343,22.509792843691148,3.0
1344,22.526553672316382,6.0
1345,22.54331450094162,2.0
1346,22.560075329566853,3.0
1347,22.576836158192087,3.0
1348,22.593596986817325,12.0
1349,22.61035781544256,2.0
1350,22.627118644067796,4.0
1351,22.64387947269303,9.0
1352,22.660640301318267,8.0
1353,22.6774011299435,8.0
1354,22.694161958568735,5.0
1355,22.710922787193972,7.0
1356,22.727683615819206,5.0
1357,22.744444444444444,5.0
1358,22.761205273069677,4.0
1359,22.777966101694915,8.0
1360,22.79472693032015,7.0
1361,22.811487758945383,6.0
1362,22.82824858757062,8.0
1363,22.845009416195854,5.0
1364,22.86177024482109,3.0
1365,22.878531073446325,5.0
1366,22.895291902071563,5.0
1367,22.912052730696796,8.0
1368,22.92881355932203,9.0
1369,22.945574387947268,5.0
1370,22.9623352165725,9.0
1371,22.97909604519774,6.0
1372,22.995856873822973,10.0
1373,23.01261770244821,4.0
1374,23.029378531073444,4.0
1375,23.04613935969868,3.0
1376,23.062900188323916,6.0
1377,23.07966101694915,9.0
1378,23.096421845574387,2.0
1379,23.11318267419962,3.0
1380,23.129943502824858,7.0
1381,23.146704331450092,7.0
1382,23.16346516007533,5.0
1383,23.180225988700563,8.0
1384,23.196986817325797,3.0
1385,23.213747645951035,10.0
1386,23.23050847457627,2.0
1387,23.247269303201506,5.0
1388,23.26403013182674,4.0
1389,23.280790960451977,4.0
1390,23.29755178907721,8.0
1391,23.314312617702445,6.0
1392,23.331073446327682,13.0
1393,23.347834274952916,2.0
1394,23.364595103578154,12.0
1395,23.381355932203387,3.0
1396,23.398116760828625,5.0
1397,23.41487758945386,6.0
1398,23.431638418079093,4.0
1399,23.44839924670433,7.0
1400,23.465160075329564,6.0
1401,23.4819209039548,3.0
1402,23.498681732580035,5.0
1403,23.515442561205273,7.0
1404,23.532203389830507,4.0
1405,23.54896421845574,6.0
1406,23.565725047080978,4.0
1407,23.58248587570621,4.0
1408,23.59924670433145,5.0
1409,23.616007532956683,2.0
1410,23.63276836158192,9.0
1411,23.649529190207154,7.0
1412,23.666290018832388,7.0
1413,23.683050847457626,10.0
1414,23.69981167608286,8.0
1415,23.716572504708097,2.0
1416,23.73333333333333,4.0
1417,23.750094161958568,2.0
1418,23.766854990583802,6.0
1419,23.783615819209036,6.0
1420,23.800376647834273,7.0
1421,23.817137476459507,4.0
1422,23.833898305084745,3.0
1423,23.85065913370998,4.0
1424,23.867419962335216,7.0
1425,23.88418079096045,6.0
1426,23.900941619585687,6.0
1427,23.91770244821092,5.0
1428,23.934463276836155,9.0
1429,23.951224105461392,3.0
1430,23.967984934086626,6.0
1431,23.984745762711864,7.0
1432,24.001506591337098,1.0
1433,24.018267419962335,6.0
1434,24.03502824858757,6.0
1435,24.051789077212803,4.0
1436,24.06854990583804,5.0
1437,24.085310734463274,2.0
1438,24.10207156308851,7.0
1439,24.118832391713745,7.0
1440,24.135593220338983,8.0
1441,24.152354048964217,8.0
1442,24.16911487758945,9.0
1443,24.185875706214688,7.0
1444,24.20263653483992,9.0
1445,24.21939736346516,4.0
1446,24.236158192090393,1.0
1447,24.25291902071563,11.0
1448,24.269679849340864,8.0
1449,24.286440677966098,6.0
1450,24.303201506591336,6.0
1451,24.31996233521657,6.0
1452,24.336723163841807,4.0
1453,24.35348399246704,6.0
1454,24.370244821092278,4.0
1455,24.387005649717512,5.0
1456,24.403766478342746,7.0
1457,24.420527306967983,7.0
1458,24.437288135593217,7.0
1459,24.454048964218455,3.0
1460,24.47080979284369,6.0
1461,24.487570621468926,5.0
1462,24.50433145009416,10.0
1463,24.521092278719394,3.0
1464,24.53785310734463,7.0
1465,24.554613935969865,8.0
1466,24.571374764595102,6.0
1467,24.588135593220336,8.0
1468,24.604896421845574,5.0
1469,24.621657250470808,3.0
1470,24.638418079096045,13.0
1471,24.65517890772128,7.0
1472,24.671939736346513,7.0
1473,24.68870056497175,8.0
1474,24.705461393596984,9.0
1475,24.72222222222222,3.0
1476,24.738983050847455,2.0
1477,24.755743879472693,5.0
1478,24.772504708097927,6.0
1479,24.78926553672316,6.0
1480,24.806026365348398,8.0
1481,24.82278719397363,6.0
1482,24.83954802259887,2.0
1483,24.856308851224103,10.0
1484,24.87306967984934,3.0
1485,24.889830508474574,5.0
1486,24.906591337099808,7.0
1487,24.923352165725046,6.0
1488,24.94011299435028,0.0
1489,24.956873822975517,5.0
1490,24.97363465160075,5.0
1491,24.990395480225988,4.0
1492,25.007156308851222,8.0
1493,25.023917137476456,5.0
1494,25.040677966101693,6.0
1495,25.057438794726927,11.0
1496,25.074199623352165,3.0
1497,25.0909604519774,6.0
1498,25.107721280602636,7.0
1499,25.12448210922787,5.0
1500,25.141242937853104,4.0
1501,25.15800376647834,11.0
1502,25.174764595103575,7.0
1503,25.191525423728812,7.0
1504,25.208286252354046,2.0
1505,25.225047080979284,6.0
1506,25.241807909604518,10.0
1507,25.25856873822975,5.0
1508,25.27532956685499,5.0
1509,25.292090395480223,13.0
1510,25.30885122410546,2.0
1511,25.325612052730694,4.0
1512,25.34237288135593,5.0
1513,25.359133709981165,8.0
1514,25.375894538606403,4.0
1515,25.392655367231637,6.0
1516,25.40941619585687,2.0
1517,25.426177024482108,3.0
1518,25.442937853107342,5.0
1519,25.45969868173258,6.0
1520,25.476459510357813,2.0
1521,25.49322033898305,4.0
1522,25.509981167608284,4.0
1523,25.52674199623352,6.0
1524,25.543502824858756,7.0
1525,25.56026365348399,7.0
1526,25.577024482109227,6.0
1527,25.59378531073446,11.0
1528,25.6105461393597,2.0
1529,25.627306967984932,4.0
1530,25.644067796610166,6.0
1531,25.660828625235403,6.0
1532,25.677589453860637,8.0
1533,25.694350282485875,3.0
1534,25.71111111111111,9.0
1535,25.727871939736346,3.0
1536,25.74463276836158,7.0
1537,25.761393596986814,5.0
1538,25.77815442561205,5.0
1539,25.794915254237285,2.0
1540,25.811676082862522,6.0
1541,25.828436911487756,5.0
1542,25.845197740112994,10.0
1543,25.861958568738228,4.0
1544,25.87871939736346,5.0
1545,25.8954802259887,5.0
1546,25.912241054613933,7.0
1547,25.92900188323917,6.0
1548,25.945762711864404,9.0
1549,25.96252354048964,6.0
1550,25.979284369114875,5.0
1551,25.99604519774011,10.0
1552,26.012806026365347,10.0
1553,26.02956685499058,6.0
1554,26.046327683615818,9.0
1555,26.063088512241052,3.0
1556,26.07984934086629,3.0
1557,26.096610169491523,5.0
1558,26.113370998116757,3.0
1559,26.130131826741994,3.0
1560,26.14689265536723,4.0
1561,26.163653483992466,3.0
1562,26.1804143126177,5.0
1563,26.197175141242937,5.0
1564,26.21393596986817,3.0
1565,26.23069679849341,2.0
1566,26.247457627118642,6.0
1567,26.264218455743876,7.0
1568,26.280979284369113,4.0
1569,26.297740112994347,7.0
1570,26.314500941619585,5.0
1571,26.33126177024482,8.0
1572,26.348022598870056,6.0
1573,26.36478342749529,6.0
1574,26.381544256120524,3.0
1575,26.39830508474576,4.0
1576,26.415065913370995,9.0
1577,26.431826741996232,1.0
1578,26.448587570621466,6.0
1579,26.465348399246704,6.0
1580,26.482109227871938,10.0
1581,26.49887005649717,5.0
1582,26.51563088512241,4.0
1583,26.532391713747643,6.0
1584,26.54915254237288,7.0
1585,26.565913370998114,4.0
1586,26.58267419962335,6.0
1587,26.599435028248585,5.0
1588,26.61619585687382,7.0
1589,26.632956685499057,8.0
1590,26.64971751412429,4.0
1591,26.666478342749528,6.0
1592,26.683239171374762,4.0
1593,26.7,6.0
1594,26.716760828625233,8.0
1595,26.733521657250467,4.0
1596,26.750282485875704,6.0
1597,26.76704331450094,4.0
1598,26.783804143126176,6.0
1599,26.80056497175141,2.0
1600,26.817325800376647,3.0
1601,26.83408662900188,6.0
1602,26.850847457627115,5.0
1603,26.867608286252352,6.0
1604,26.884369114877586,4.0
1605,26.901129943502823,4.0
1606,26.917890772128057,7.0
1607,26.934651600753295,10.0
1608,26.95141242937853,11.0
1609,26.968173258003766,13.0
1610,26.984934086629,8.0
1611,27.001694915254234,12.0
1612,27.01845574387947,10.0
1613,27.035216572504705,7.0
1614,27.051977401129943,8.0
1615,27.068738229755176,6.0
1616,27.085499058380414,9.0
1617,27.102259887005648,6.0
1618,27.11902071563088,8.0
1619,27.13578154425612,5.0
1620,27.152542372881353,7.0
1621,27.16930320150659,4.0
1622,27.186064030131824,3.0
1623,27.20282485875706,6.0
1624,27.219585687382295,5.0
1625,27.23634651600753,8.0
1626,27.253107344632767,5.0
1627,27.269868173258,3.0
1628,27.286629001883238,9.0
1629,27.303389830508472,2.0
1630,27.32015065913371,8.0
1631,27.336911487758943,9.0
1632,27.353672316384177,5.0
1633,27.370433145009414,8.0
1634,27.38719397363465,2.0
1635,27.403954802259886,5.0
1636,27.42071563088512,7.0
1637,27.437476459510357,1.0
1638,27.45423728813559,4.0
1639,27.470998116760825,8.0
1640,27.487758945386062,8.0
1641,27.504519774011296,4.0
1642,27.521280602636534,10.0
1643,27.538041431261767,8.0
1644,27.554802259887005,6.0
1645,27.57156308851224,6.0
1646,27.588323917137473,5.0
1647,27.60508474576271,5.0
1648,27.621845574387944,6.0
1649,27.63860640301318,5.0
1650,27.655367231638415,6.0
1651,27.672128060263653,6.0
1652,27.688888888888886,10.0
1653,27.705649717514124,7.0
1654,27.722410546139358,4.0
1655,27.73917137476459,5.0
1656,27.75593220338983,2.0
1657,27.772693032015063,9.0
1658,27.7894538606403,3.0
1659,27.806214689265534,6.0
1660,27.82297551789077,6.0
1661,27.839736346516005,5.0
1662,27.85649717514124,4.0
1663,27.873258003766477,3.0
1664,27.89001883239171,2.0
1665,27.906779661016948,5.0
1666,27.923540489642182,8.0
1667,27.94030131826742,2.0
1668,27.957062146892653,4.0
1669,27.973822975517887,5.0
1670,27.990583804143125,4.0
1671,28.00734463276836,3.0
1672,28.024105461393596,3.0
1673,28.04086629001883,2.0
1674,28.057627118644067,4.0
1675,28.0743879472693,5.0
1676,28.091148775894535,8.0
1677,28.107909604519772,4.0
1678,28.124670433145006,7.0
1679,28.141431261770244,10.0
1680,28.158192090395477,6.0
1681,28.174952919020715,5.0
1682,28.19171374764595,4.0
1683,28.208474576271183,3.0
1684,28.22523540489642,7.0
1685,28.241996233521654,8.0
1686,28.25875706214689,5.0
1687,28.275517890772125,6.0
1688,28.292278719397363,4.0
1689,28.309039548022596,10.0
1690,28.32580037664783,1.0
1691,28.342561205273068,3.0
1692,28.3593220338983,10.0
1693,28.37608286252354,7.0
1694,28.392843691148773,8.0
1695,28.40960451977401,6.0
1696,28.426365348399244,6.0
1697,28.443126177024478,8.0
1698,28.459887005649716,3.0
1699,28.47664783427495,6.0
1700,28.493408662900187,6.0
1701,28.51016949152542,6.0
1702,28.526930320150658,1.0
1703,28.543691148775892,4.0
1704,28.56045197740113,5.0
1705,28.577212806026363,3.0
1706,28.593973634651597,4.0
1707,28.610734463276835,3.0
1708,28.62749529190207,10.0
1709,28.644256120527306,6.0
1710,28.66101694915254,5.0
1711,28.677777777777777,6.0
1712,28.69453860640301,6.0
1713,28.711299435028245,5.0
1714,28.728060263653482,3.0
1715,28.744821092278716,10.0
1716,28.761581920903954,6.0
1717,28.778342749529187,3.0
1718,28.795103578154425,5.0
1719,28.81186440677966,5.0
1720,28.828625235404893,1.0
1721,28.84538606403013,4.0
1722,28.862146892655364,9.0
1723,28.8789077212806,3.0
1724,28.895668549905835,6.0
1725,28.912429378531073,2.0
1726,28.929190207156307,6.0
1727,28.94595103578154,7.0
1728,28.962711864406778,6.0
1729,28.97947269303201,12.0
1730,28.99623352165725,5.0
1731,29.012994350282483,7.0
1732,29.02975517890772,4.0
1733,29.046516007532954,5.0
1734,29.063276836158188,5.0
1735,29.080037664783426,5.0
1736,29.09679849340866,8.0
1737,29.113559322033897,8.0
1738,29.13032015065913,4.0
1739,29.147080979284368,11.0
1740,29.163841807909602,5.0
1741,29.180602636534836,3.0
1742,29.197363465160073,4.0
1743,29.214124293785307,5.0
1744,29.230885122410545,7.0
1745,29.24764595103578,11.0
1746,29.264406779661016,11.0
1747,29.28116760828625,2.0
1748,29.297928436911487,11.0
1749,29.31468926553672,3.0
1750,29.331450094161955,2.0
1751,29.348210922787192,7.0
1752,29.364971751412426,5.0
1753,29.381732580037664,5.0
1754,29.398493408662898,3.0
1755,29.415254237288135,5.0
1756,29.43201506591337,6.0
1757,29.448775894538603,6.0
1758,29.46553672316384,10.0
1759,29.482297551789074,11.0
1760,29.49905838041431,5.0
1761,29.515819209039545,4.0
1762,29.532580037664783,3.0
1763,29.549340866290017,3.0
1764,29.56610169491525,4.0
1765,29.582862523540488,6.0
1766,29.59962335216572,2.0
1767,29.61638418079096,8.0
1768,29.633145009416193,6.0
1769,29.64990583804143,3.0
1770,29.666666666666664,4.0
1771,29.683427495291898,3.0
1772,29.700188323917136,6.0
1773,29.71694915254237,3.0
1774,29.733709981167607,11.0
1775,29.75047080979284,4.0
1776,29.767231638418078,9.0
1777,29.783992467043312,4.0
1778,29.800753295668546,10.0
1779,29.817514124293783,9.0
1780,29.834274952919017,7.0
1781,29.851035781544255,9.0
1782,29.86779661016949,2.0
1783,29.884557438794726,10.0
1784,29.90131826741996,7.0
1785,29.918079096045194,13.0
1786,29.93483992467043,7.0
1787,29.951600753295665,2.0
1788,29.968361581920902,6.0
1789,29.985122410546136,3.0
1790,30.001883239171374,2.0
1791,30.018644067796608,7.0
1792,30.035404896421845,8.0
1793,30.05216572504708,7.0
1794,30.068926553672313,7.0
1795,30.08568738229755,10.0
1796,30.102448210922784,2.0
1797,30.11920903954802,9.0
1798,30.135969868173255,10.0
1799,30.152730696798493,9.0
1800,30.169491525423727,5.0
1801,30.18625235404896,3.0
1802,30.203013182674198,6.0
1803,30.21977401129943,9.0
1804,30.23653483992467,7.0
1805,30.253295668549903,8.0
1806,30.27005649717514,8.0
1807,30.286817325800374,9.0
1808,30.303578154425608,9.0
1809,30.320338983050846,6.0
1810,30.33709981167608,8.0
1811,30.353860640301317,8.0
1812,30.37062146892655,7.0
1813,30.387382297551788,3.0
1814,30.404143126177022,5.0
1815,30.420903954802256,7.0
1816,30.437664783427493,5.0
1817,30.454425612052727,4.0
1818,30.471186440677965,5.0
1819,30.4879472693032,6.0
1820,30.504708097928436,7.0
1821,30.52146892655367,9.0
1822,30.538229755178904,6.0
1823,30.55499058380414,2.0
1824,30.571751412429375,7.0
1825,30.588512241054612,4.0
1826,30.605273069679846,5.0
1827,30.622033898305084,6.0
1828,30.638794726930318,2.0
1829,30.65555555555555,6.0
1830,30.67231638418079,4.0
1831,30.689077212806023,8.0
1832,30.70583804143126,4.0
1833,30.722598870056494,3.0
1834,30.73935969868173,4.0
1835,30.756120527306965,6.0
1836,30.7728813559322,3.0
1837,30.789642184557437,5.0
1838,30.80640301318267,5.0
1839,30.823163841807908,9.0
1840,30.839924670433142,6.0
1841,30.85668549905838,4.0
1842,30.873446327683613,4.0
1843,30.89020715630885,5.0
1844,30.906967984934084,3.0
1845,30.92372881355932,2.0
1846,30.940489642184556,5.0
1847,30.95725047080979,6.0
1848,30.974011299435027,7.0
1849,30.99077212806026,5.0
1850,31.0075329566855,2.0
1851,31.024293785310732,4.0
1852,31.041054613935966,7.0
1853,31.057815442561203,4.0
1854,31.074576271186437,7.0
1855,31.091337099811675,7.0
1856,31.10809792843691,5.0
1857,31.124858757062146,4.0
1858,31.14161958568738,9.0
1859,31.158380414312614,10.0
1860,31.17514124293785,6.0
1861,31.191902071563085,6.0
1862,31.208662900188322,5.0
1863,31.225423728813556,5.0
1864,31.242184557438794,8.0
1865,31.258945386064028,8.0
1866,31.27570621468926,2.0
1867,31.2924670433145,7.0
1868,31.309227871939733,3.0
1869,31.32598870056497,2.0
1870,31.342749529190204,7.0
1871,31.35951035781544,4.0
1872,31.376271186440675,2.0
1873,31.39303201506591,5.0
1874,31.409792843691147,8.0
1875,31.42655367231638,4.0
1876,31.443314500941618,4.0
1877,31.460075329566852,4.0
1878,31.47683615819209,4.0
1879,31.493596986817323,4.0
1880,31.510357815442557,11.0
1881,31.527118644067794,6.0
1882,31.54387947269303,6.0
1883,31.560640301318266,5.0
1884,31.5774011299435,6.0
1885,31.594161958568737,4.0
1886,31.61092278719397,3.0
1887,31.62768361581921,5.0
1888,31.644444444444442,1.0
1889,31.661205273069676,7.0
1890,31.677966101694913,6.0
1891,31.694726930320147,2.0
1892,31.711487758945385,8.0
1893,31.72824858757062,5.0
1894,31.745009416195856,6.0
1895,31.76177024482109,7.0
1896,31.778531073446324,7.0
1897,31.79529190207156,5.0
1898,31.812052730696795,7.0
1899,31.828813559322032,7.0
1900,31.845574387947266,6.0
1901,31.862335216572504,10.0
1902,31.879096045197738,4.0
1903,31.89585687382297,4.0
1904,31.91261770244821,4.0
1905,31.929378531073443,5.0
1906,31.94613935969868,10.0
1907,31.962900188323914,10.0
1908,31.97966101694915,3.0
1909,31.996421845574385,9.0
1910,32.01318267419962,5.0
1911,32.02994350282486,7.0
1912,32.046704331450094,7.0
1913,32.063465160075324,5.0
1914,32.08022598870056,6.0
1915,32.0969868173258,10.0
1916,32.11374764595104,7.0
1917,32.13050847457627,7.0
1918,32.147269303201504,6.0
1919,32.16403013182674,9.0
1920,32.18079096045197,7.0
1921,32.19755178907721,6.0
1922,32.21431261770245,4.0
1923,32.231073446327684,7.0
1924,32.247834274952915,3.0
1925,32.26459510357815,7.0
1926,32.28135593220339,5.0
1927,32.29811676082862,11.0
1928,32.31487758945386,6.0
1929,32.331638418079095,7.0
1930,32.34839924670433,3.0
1931,32.36516007532956,4.0
1932,32.3819209039548,4.0
1933,32.39868173258004,6.0
1934,32.41544256120527,2.0
1935,32.432203389830505,0.0
1936,32.44896421845574,0.0
1937,32.46572504708098,0.0
1938,32.48248587570621,0.0
1939,32.49924670433145,0.0
1940,32.516007532956685,0.0
1941,32.532768361581915,0.0
1942,32.54952919020715,0.0
1943,32.56629001883239,0.0
1944,32.58305084745763,0.0
1945,32.59981167608286,0.0
1946,32.616572504708095,0.0
1947,32.63333333333333,0.0
1948,32.65009416195856,0.0
1949,32.6668549905838,0.0
1950,32.68361581920904,0.0
1951,32.700376647834275,0.0
1952,32.717137476459506,0.0
1953,32.73389830508474,0.0
1954,32.75065913370998,0.0
1955,32.76741996233521,0.0
1956,32.78418079096045,0.0
1957,32.800941619585686,0.0
1958,32.81770244821092,0.0
1959,32.83446327683615,0.0
1960,32.85122410546139,0.0
1961,32.86798493408663,0.0
1962,32.88474576271186,0.0
1963,32.901506591337096,0.0
1964,32.91826741996233,0.0
1965,32.93502824858757,0.0
1966,32.9517890772128,0.0
1967,32.96854990583804,0.0
1968,32.985310734463276,0.0
1969,33.002071563088506,0.0
1970,33.018832391713744,0.0
1971,33.03559322033898,0.0
1972,33.05235404896422,0.0
1973,33.06911487758945,0.0
1974,33.085875706214686,0.0
1975,33.102636534839924,0.0
1976,33.119397363465154,0.0
1977,33.13615819209039,0.0
1978,33.15291902071563,0.0
1979,33.169679849340866,0.0
1980,33.1864406779661,0.0
1981,33.203201506591334,0.0
1982,33.21996233521657,0.0
1983,33.2367231638418,0.0
1984,33.25348399246704,0.0
1985,33.27024482109228,0.0
1986,33.287005649717514,0.0
1987,33.303766478342745,0.0
1988,33.32052730696798,0.0
1989,33.33728813559322,0.0
1990,33.35404896421845,0.0
1991,33.37080979284369,0.0
1992,33.387570621468925,0.0
1993,33.40433145009416,0.0
1994,33.42109227871939,0.0
1995,33.43785310734463,0.0
1996,33.45461393596987,0.0
1997,33.4713747645951,0.0
1998,33.488135593220335,0.0
1999,33.50489642184557,0.0
2000,33.52165725047081,0.0
2001,33.53841807909604,0.0
2002,33.55517890772128,0.0
2003,33.571939736346515,0.0
2004,33.58870056497175,0.0
2005,33.60546139359698,0.0
2006,33.62222222222222,0.0
2007,33.63898305084746,0.0
2008,33.65574387947269,0.0
2009,33.672504708097925,0.0
2010,33.68926553672316,0.0
